[
  {
    "user": "919970690330",
    "formData": "{\"screen_0_Name_0\":\"khomessh gajbhiye\",\"screen_0_Order_number_1\":\"36902002739\",\"screen_0_Choose_a_topic_2\":\"1_Maintenance\",\"screen_0_Description_of_issue_3\":\"Khomesh \",\"flow_token\":\"unused\"}",
    "timestamp": "2025-09-09T07:37:47.082Z"
  },
  {
    "user": "919970690330",
    "formData": "{\"screen_0_Name_0\":\"Sanket \",\"screen_0_Order_number_1\":\"4569870\",\"screen_0_Choose_a_topic_2\":\"3_Returns\",\"screen_0_Description_of_issue_3\":\"Product is not working \",\"flow_token\":\"unused\"}",
    "timestamp": "2025-09-09T07:37:55.982Z"
  },
  {
    "user": "919970690330",
    "formData": "{\"screen_0_Name_0\":\"Sanket \",\"screen_0_Order_number_1\":\"4569870\",\"screen_0_Choose_a_topic_2\":\"3_Returns\",\"screen_0_Description_of_issue_3\":\"Product is not working \",\"flow_token\":\"unused\"}",
    "timestamp": "2025-09-09T07:38:21.173Z"
  },
  {
    "user": "919970690330",
    "formData": "{\"screen_0_Name_0\":\"Sanket \",\"screen_0_Order_number_1\":\"4569870\",\"screen_0_Choose_a_topic_2\":\"3_Returns\",\"screen_0_Description_of_issue_3\":\"Product is not working \",\"flow_token\":\"unused\"}",
    "timestamp": "2025-09-09T07:38:46.236Z"
  },
  {
    "user": "919970690330",
    "formData": "{\"screen_0_Name_0\":\"Sanket \",\"screen_0_Order_number_1\":\"4569870\",\"screen_0_Choose_a_topic_2\":\"3_Returns\",\"screen_0_Description_of_issue_3\":\"Product is not working \",\"flow_token\":\"unused\"}",
    "timestamp": "2025-09-09T07:39:13.098Z"
  },
  {
    "user": "919970690330",
    "formData": "{\"screen_0_Name_0\":\"Sanket \",\"screen_0_Order_number_1\":\"4569870\",\"screen_0_Choose_a_topic_2\":\"3_Returns\",\"screen_0_Description_of_issue_3\":\"Product is not working \",\"flow_token\":\"unused\"}",
    "timestamp": "2025-09-09T07:40:04.668Z"
  },
  {
    "user": "919970690330",
    "formData": "{\"screen_0_Name_0\":\"Khomesh \",\"screen_0_Order_number_1\":\"1234567890\",\"screen_0_Choose_a_topic_2\":\"3_Returns\",\"screen_0_Description_of_issue_3\":\"Product is not working \",\"flow_token\":\"unused\"}",
    "timestamp": "2025-09-09T07:40:37.510Z"
  },
  {
    "user": "919970690330",
    "formData": "{\"screen_0_Name_0\":\"Sanket \",\"screen_0_Order_number_1\":\"4569870\",\"screen_0_Choose_a_topic_2\":\"3_Returns\",\"screen_0_Description_of_issue_3\":\"Product is not working \",\"flow_token\":\"unused\"}",
    "timestamp": "2025-09-09T07:46:23.981Z"
  },
  {
    "user": "919970690330",
    "formData": "{\"screen_0_Name_0\":\"Bottle \",\"screen_0_Order_number_1\":\"9852361470\",\"screen_0_Choose_a_topic_2\":\"0_Orders_and_payments\",\"screen_0_Description_of_issue_3\":\"Payment is done but order not arrived\",\"flow_token\":\"unused\"}",
    "timestamp": "2025-09-09T07:47:54.254Z"
  },
  {
    "user": "919970690330",
    "formData": "{\"screen_0_Name_0\":\"Ayan\",\"screen_0_Order_number_1\":\"123456789\",\"screen_0_Choose_a_topic_2\":\"3_Returns\",\"screen_0_Description_of_issue_3\":\"Product not working \",\"flow_token\":\"unused\"}",
    "timestamp": "2025-09-09T07:59:42.745Z"
  },
  {
    "user": "919970690330",
    "formData": "{\"screen_0_Name_0\":\"Khomesh \",\"screen_0_Order_number_1\":\"1234567890\",\"screen_0_Choose_a_topic_2\":\"3_Returns\",\"screen_0_Description_of_issue_3\":\"Product is not working \",\"flow_token\":\"unused\"}",
    "timestamp": "2025-09-09T09:15:25.202Z"
  },
  {
    "user": "919970690330",
    "formData": "{\"screen_0_Name_0\":\"khomessh gajbhiye\",\"screen_0_Order_number_1\":\"36902002739\",\"screen_0_Choose_a_topic_2\":\"1_Maintenance\",\"screen_0_Description_of_issue_3\":\"Khomesh \",\"flow_token\":\"unused\"}",
    "timestamp": "2025-09-09T09:20:58.296Z"
  },
  {
    "user": "919970690330",
    "formData": "{\"screen_0_Name_0\":\"Sanket \",\"screen_0_Order_number_1\":\"4569870\",\"screen_0_Choose_a_topic_2\":\"3_Returns\",\"screen_0_Description_of_issue_3\":\"Product is not working \",\"flow_token\":\"unused\"}",
    "timestamp": "2025-09-09T09:40:04.144Z"
  },
  {
    "user": "918788617867",
    "formData": "{\"flow_token\":\"\\u003CFLOW_TOKEN>\"}",
    "timestamp": "2025-09-09T11:08:37.903Z"
  },
  {
    "user": "918788617867",
    "formData": "{\"flow_token\":\"\\u003CFLOW_TOKEN>\"}",
    "timestamp": "2025-09-09T11:26:29.081Z"
  },
  {
    "user": "918788617867",
    "formData": "{\"flow_token\":\"\\u003CFLOW_TOKEN>\"}",
    "timestamp": "2025-09-09T13:18:37.583Z"
  },
  {
    "user": "918788617867",
    "formData": "{\"flow_token\":\"\\u003CFLOW_TOKEN>\"}",
    "timestamp": "2025-09-09T13:23:02.897Z"
  }
]